observation_date,APU0000FC3101
1998-01-01,3.642
1998-02-01,3.620
1998-03-01,3.650
1998-04-01,3.665
1998-05-01,3.656
1998-06-01,3.713
1998-07-01,3.671
1998-08-01,3.676
1998-09-01,3.656
1998-10-01,3.641
1998-11-01,3.674
1998-12-01,3.694
1999-01-01,3.690
1999-02-01,3.676
1999-03-01,3.669
1999-04-01,3.697
1999-05-01,3.746
1999-06-01,3.783
1999-07-01,3.780
1999-08-01,3.772
1999-09-01,3.782
1999-10-01,3.822
1999-11-01,3.862
1999-12-01,3.882
2000-01-01,3.854
2000-02-01,3.868
2000-03-01,3.885
2000-04-01,3.950
2000-05-01,4.006
2000-06-01,4.090
2000-07-01,4.067
2000-08-01,4.099
2000-09-01,4.112
2000-10-01,4.044
2000-11-01,4.057
2000-12-01,4.088
2001-01-01,4.160
2001-02-01,4.295
2001-03-01,4.342
2001-04-01,4.429
2001-05-01,4.466
2001-06-01,4.505
2001-07-01,4.532
2001-08-01,4.411
2001-09-01,4.430
2001-10-01,4.421
2001-11-01,4.393
2001-12-01,4.349
2002-01-01,4.375
2002-02-01,4.354
2002-03-01,4.423
2002-04-01,4.421
2002-05-01,4.500
2002-06-01,4.414
2002-07-01,4.423
2002-08-01,4.424
2002-09-01,4.420
2002-10-01,4.358
2002-11-01,4.405
2002-12-01,4.378
2003-01-01,4.416
2003-02-01,4.613
2003-03-01,4.621
2003-04-01,4.595
2003-05-01,4.512
2003-06-01,4.736
2003-07-01,4.751
2003-08-01,4.744
2003-09-01,4.876
2003-10-01,5.067
2003-11-01,5.506
2003-12-01,5.573
2004-01-01,5.319
2004-02-01,5.326
2004-03-01,5.271
2004-04-01,5.366
2004-05-01,5.455
2004-06-01,5.575
2004-07-01,5.562
2004-08-01,5.456
2004-09-01,5.329
2004-10-01,5.246
2004-11-01,5.235
2004-12-01,5.184
2005-01-01,5.168
2005-02-01,5.258
2005-03-01,5.292
2005-04-01,5.390
2005-05-01,5.398
2005-06-01,5.272
2005-07-01,5.059
2005-08-01,4.987
2005-09-01,4.900
2005-10-01,4.989
2005-11-01,4.934
2005-12-01,5.026
2006-01-01,5.060
2006-02-01,5.076
2006-03-01,5.106
2006-04-01,5.085
2006-05-01,5.030
2006-06-01,5.021
2006-07-01,5.005
2006-08-01,5.104
2006-09-01,5.055
2006-10-01,5.091
2006-11-01,5.094
2006-12-01,5.082
2007-01-01,5.112
2007-02-01,5.129
2007-03-01,5.291
2007-04-01,5.411
2007-05-01,5.413
2007-06-01,5.314
2007-07-01,5.269
2007-08-01,5.252
2007-09-01,5.341
2007-10-01,5.254
2007-11-01,5.345
2007-12-01,5.287
2008-01-01,5.291
2008-02-01,5.276
2008-03-01,5.333
2008-04-01,5.283
2008-05-01,5.359
2008-06-01,5.408
2008-07-01,5.507
2008-08-01,5.589
2008-09-01,5.528
2008-10-01,5.532
2008-11-01,5.398
2008-12-01,5.377
2009-01-01,5.219
2009-02-01,5.304
2009-03-01,5.279
2009-04-01,5.293
2009-05-01,5.421
2009-06-01,5.417
2009-07-01,5.289
2009-08-01,5.359
2009-09-01,5.276
2009-10-01,5.216
2009-11-01,5.397
2009-12-01,5.367
2010-01-01,5.273
2010-02-01,5.193
2010-03-01,5.286
2010-04-01,5.551
2010-05-01,5.619
2010-06-01,5.630
2010-07-01,5.544
2010-08-01,5.475
2010-09-01,5.532
2010-10-01,5.631
2010-11-01,5.667
2010-12-01,5.604
2011-01-01,5.693
2011-02-01,5.728
2011-03-01,5.796
2011-04-01,5.980
2011-05-01,5.964
2011-06-01,5.833
2011-07-01,5.844
2011-08-01,5.948
2011-09-01,6.022
2011-10-01,6.048
2011-11-01,6.011
2011-12-01,6.044
2012-01-01,6.124
2012-02-01,6.033
2012-03-01,6.079
2012-04-01,6.208
2012-05-01,6.295
2012-06-01,6.378
2012-07-01,6.328
2012-08-01,6.262
2012-09-01,6.315
2012-10-01,6.295
2012-11-01,6.310
2012-12-01,6.301
2013-01-01,6.408
2013-02-01,6.363
2013-03-01,6.267
2013-04-01,6.232
2013-05-01,6.369
2013-06-01,6.422
2013-07-01,6.425
2013-08-01,6.340
2013-09-01,6.399
2013-10-01,6.363
2013-11-01,6.326
2013-12-01,6.344
2014-01-01,6.339
2014-02-01,6.556
2014-03-01,6.726
2014-04-01,6.974
2014-05-01,6.941
2014-06-01,6.974
2014-07-01,7.001
2014-08-01,7.363
2014-09-01,7.397
2014-10-01,7.404
2014-11-01,7.473
2014-12-01,7.541
2015-01-01,7.530
2015-02-01,7.569
2015-03-01,7.661
2015-04-01,7.684
2015-05-01,7.773
2015-06-01,7.917
2015-07-01,7.962
2015-08-01,7.910
2015-09-01,7.890
2015-10-01,7.836
2015-11-01,7.788
2015-12-01,7.509
2016-01-01,7.468
2016-02-01,7.502
2016-03-01,7.686
2016-04-01,7.756
2016-05-01,7.759
2016-06-01,7.681
2016-07-01,7.546
2016-08-01,7.569
2016-09-01,7.510
2016-10-01,7.413
2016-11-01,7.217
2016-12-01,7.121
2017-01-01,7.094
2017-02-01,7.154
2017-03-01,7.176
2017-04-01,7.277
2017-05-01,7.315
2017-06-01,7.525
2017-07-01,7.606
2017-08-01,7.479
2017-09-01,7.363
2017-10-01,7.388
2017-11-01,7.352
2017-12-01,7.364
2018-01-01,7.415
2018-02-01,7.392
2018-03-01,7.507
2018-04-01,7.703
2018-05-01,7.640
2018-06-01,7.673
2018-07-01,7.725
2018-08-01,7.724
2018-09-01,7.678
2018-10-01,7.595
2018-11-01,7.572
2018-12-01,7.579
2019-01-01,7.598
2019-02-01,7.597
2019-03-01,7.740
2019-04-01,7.755
2019-05-01,7.798
2019-06-01,7.679
2019-07-01,7.716
2019-08-01,7.652
2019-09-01,7.658
2019-10-01,7.667
2019-11-01,7.535
2019-12-01,7.709
2020-01-01,7.653
2020-02-01,7.642
2020-03-01,7.676
2020-04-01,7.951
2020-05-01,8.957
2020-06-01,9.518
2020-07-01,8.698
2020-08-01,8.213
2020-09-01,8.133
2020-10-01,8.154
2020-11-01,8.081
2020-12-01,8.085
2021-01-01,8.250
2021-02-01,8.281
2021-03-01,8.383
2021-04-01,8.656
2021-05-01,9.120
2021-06-01,9.747
2021-07-01,9.670
2021-08-01,9.652
2021-09-01,9.912
2021-10-01,10.209
2021-11-01,10.228
2021-12-01,9.933
2022-01-01,9.825
2022-02-01,9.753
2022-03-01,9.786
2022-04-01,9.701
2022-05-01,9.690
2022-06-01,9.830
2022-07-01,9.709
2022-08-01,9.535
2022-09-01,9.592
2022-10-01,9.712
2022-11-01,9.541
2022-12-01,9.460
2023-01-01,9.582
2023-02-01,9.680
2023-03-01,9.810
2023-04-01,9.957
2023-05-01,10.223
2023-06-01,10.359
2023-07-01,10.633
2023-08-01,10.750
2023-09-01,10.771
2023-10-01,10.834
2023-11-01,10.482
2023-12-01,10.646
2024-01-01,10.686
2024-02-01,10.530
2024-03-01,10.594
2024-04-01,10.745
2024-05-01,10.734
2024-06-01,10.635
2024-07-01,10.856
2024-08-01,10.875
2024-09-01,10.882
2024-10-01,10.565
2024-11-01,10.673
2024-12-01,10.626
2025-01-01,10.905
2025-02-01,10.868
2025-03-01,10.980
2025-04-01,11.120
2025-05-01,11.032
2025-06-01,11.491
2025-07-01,11.875
2025-08-01,12.222
2025-09-01,12.262
